{"cameraMode":{"drawMode":0,"name":"Shaded","section":"Shading Mode"},"sceneLighting":true,"audioPlay":false,"sceneViewState":{"m_AlwaysRefresh":false,"showFog":true,"showSkybox":true,"showFlares":true,"showImageEffects":true,"showParticleSystems":true,"showVisualEffectGraphs":true,"m_FxEnabled":true},"in2DMode":false,"pivot":{"x":0.06417398154735565,"y":1.4593417644500733,"z":-0.5750001072883606},"rotation":{"x":-0.15484027564525605,"y":0.28852272033691409,"z":-0.04725920036435127,"w":-0.9437824487686157},"size":0.6863500475883484,"orthographic":false}