{"cameraMode":{"drawMode":0,"name":"Shaded","section":"Shading Mode"},"sceneLighting":true,"audioPlay":false,"sceneViewState":{"m_AlwaysRefresh":false,"showFog":true,"showSkybox":true,"showFlares":true,"showImageEffects":true,"showParticleSystems":true,"showVisualEffectGraphs":true,"m_FxEnabled":true},"in2DMode":false,"pivot":{"x":-2.0672872066497804,"y":1.1290264129638672,"z":1.5240169763565064},"rotation":{"x":-0.0713290274143219,"y":0.4836675524711609,"z":-0.03944233059883118,"w":-0.8715195059776306},"size":1.9714609384536744,"orthographic":false}