{"cameraMode":{"drawMode":0,"name":"Shaded","section":"Shading Mode"},"sceneLighting":false,"audioPlay":false,"sceneViewState":{"m_AlwaysRefresh":false,"showFog":true,"showSkybox":false,"showFlares":true,"showImageEffects":true,"showParticleSystems":true,"showVisualEffectGraphs":true,"m_FxEnabled":true},"in2DMode":false,"pivot":{"x":582.5101318359375,"y":143.30906677246095,"z":9.824508666992188},"rotation":{"x":-0.0461738258600235,"y":-0.009008074179291726,"z":-0.0004277003463357687,"w":0.9989283680915833},"size":307.7777099609375,"orthographic":false}