{"cameraMode":{"drawMode":0,"name":"Shaded","section":"Shading Mode"},"sceneLighting":true,"audioPlay":false,"sceneViewState":{"m_AlwaysRefresh":false,"showFog":true,"showSkybox":true,"showFlares":true,"showImageEffects":true,"showParticleSystems":true,"showVisualEffectGraphs":true,"m_FxEnabled":true},"in2DMode":false,"pivot":{"x":5.996208190917969,"y":0.32185184955596926,"z":3.628124475479126},"rotation":{"x":-0.07369489222764969,"y":-0.49088141322135928,"z":0.04079975560307503,"w":-0.8673747181892395},"size":4.3574910163879398,"orthographic":false}